{"train_loss":0.010254671245232012,"val_acc":0.9796666666666667,"_runtime":94,"epoch":20,"_step":20,"val_loss":0.19687359694263593,"_timestamp":1.7727483623504953e+09,"test_acc":0.9772,"_wandb":{"runtime":94},"train_acc":0.997537037037037,"test_f1":0.9770545819362427,"val_f1":0.9794814430749248}